REGION,TECHNOLOGY,MODE_OF_OPERATION,YEAR,VALUE
"REGION1","SEBF00X00",1,2024,0.00175458220283143
"REGION1","SEBFHPFH1",1,2024,0.00114047957232
"REGION1","SEBM00X00",1,2015,0.708156
"REGION1","SEBM00X00",1,2016,0.7123392
"REGION1","SEBM00X00",1,2017,0.716522400000001
"REGION1","SEBM00X00",1,2018,0.7207056
"REGION1","SEBM00X00",1,2019,1.61396775438716
"REGION1","SEBM00X00",1,2020,84.2032258304898
"REGION1","SEBM00X00",1,2021,97.7704877423831
"REGION1","SEBM00X00",1,2022,148.162960836578
"REGION1","SEBM00X00",1,2023,159.165644710872
"REGION1","SEBM00X00",1,2024,176.939738844913
"REGION1","SEBM00X00",1,2025,191.813657292465
"REGION1","SEBM00X00",1,2026,189.349193154464
"REGION1","SEBM00X00",1,2027,189.353376354464
"REGION1","SEBM00X00",1,2028,189.199753506725
"REGION1","SEBM00X00",1,2029,189.361742754464
"REGION1","SEBM00X00",1,2030,24.4217770994175
"REGION1","SEBM00X00",1,2031,22.35353680253
"REGION1","SEBM00X00",1,2032,22.35353680253
"REGION1","SEBM00X00",1,2033,22.3535368025299
"REGION1","SEBM00X00",1,2034,22.35353680253
"REGION1","SEBM00X00",1,2035,97.5771737153487
"REGION1","SEBM00X00",1,2036,97.5771737153487
"REGION1","SEBM00X00",1,2037,97.5771737153487
"REGION1","SEBM00X00",1,2038,97.5771737153487
"REGION1","SEBM00X00",1,2039,97.5771737153487
"REGION1","SEBM00X00",1,2040,135.97119553077
"REGION1","SEBM00X00",1,2041,260.340906046198
"REGION1","SEBM00X00",1,2042,258.236825409689
"REGION1","SEBM00X00",1,2043,274.861416868537
"REGION1","SEBM00X00",1,2044,274.861416868537
"REGION1","SEBM00X00",1,2045,292.551161693525
"REGION1","SEBM00X00",1,2046,292.551161693525
"REGION1","SEBM00X00",1,2047,292.551161693525
"REGION1","SEBM00X00",1,2048,292.551161693525
"REGION1","SEBM00X00",1,2049,292.551161693525
"REGION1","SEBM00X00",1,2050,292.551161693525
"REGION1","SEBM00X00",1,2051,292.551161693525
"REGION1","SEBM00X00",1,2052,292.551161693525
"REGION1","SEBM00X00",1,2053,292.551161693525
"REGION1","SEBM00X00",1,2054,292.551161693525
"REGION1","SEBM00X00",1,2055,292.551161693524
"REGION1","SEBM00X00",1,2056,292.551161693525
"REGION1","SEBM00X00",1,2057,292.551161693525
"REGION1","SEBM00X00",1,2058,292.551161693525
"REGION1","SEBM00X00",1,2059,292.551161693525
"REGION1","SEBM00X00",1,2060,278.920233527507
"REGION1","SEBMCCPH1",1,2019,0.325242247150142
"REGION1","SEBMCCPH1",1,2020,0.98190527894291
"REGION1","SEBMCCPH1",1,2021,0.981905278942909
"REGION1","SEBMCCPH1",1,2022,0.981905278942909
"REGION1","SEBMCCPH1",1,2023,0.981905278942909
"REGION1","SEBMCCPH1",1,2024,0.981905278942909
"REGION1","SEBMCCPH1",1,2025,0.981905278942909
"REGION1","SEBMCHPH3",1,2025,0.0473418616633189
"REGION1","SEBMCHPH3",1,2026,0.0473418616633189
"REGION1","SEBMCHPH3",1,2027,0.0473418616633189
"REGION1","SEBMCHPH3",1,2029,0.0473418616633189
"REGION1","SEBMCHPH3",1,2030,0.0236709308316594
"REGION1","SEBMSTPH3",1,2020,28.2871537387355
"REGION1","SEBMSTPH3",1,2021,33.0471957247643
"REGION1","SEBMSTPH3",1,2022,50.6960745134354
"REGION1","SEBMSTPH3",1,2023,54.5585132887011
"REGION1","SEBMSTPH3",1,2024,60.7909514615463
"REGION1","SEBMSTPH3",1,2025,64.6830102503641
"REGION1","SEBMSTPH3",1,2026,64.6830102503641
"REGION1","SEBMSTPH3",1,2027,64.6830102503641
"REGION1","SEBMSTPH3",1,2028,64.6830102503641
"REGION1","SEBMSTPH3",1,2029,64.6830102503642
"REGION1","SEBMSTPH3",1,2030,6.98011650655845
"REGION1","SEBMSTPH3",1,2031,5.50725858814409
"REGION1","SEBMSTPH3",1,2032,5.50725858814409
"REGION1","SEBMSTPH3",1,2033,5.50725858814407
"REGION1","SEBMSTPH3",1,2034,5.50725858814409
"REGION1","SEBMSTPH3",1,2035,31.8355578359299
"REGION1","SEBMSTPH3",1,2036,31.8355578359299
"REGION1","SEBMSTPH3",1,2037,31.8355578359299
"REGION1","SEBMSTPH3",1,2038,31.8355578359299
"REGION1","SEBMSTPH3",1,2039,31.8355578359299
"REGION1","SEBMSTPH3",1,2040,45.2734789092485
"REGION1","SEBMSTPH3",1,2041,88.8029211190904
"REGION1","SEBMSTPH3",1,2042,88.0664921598832
"REGION1","SEBMSTPH3",1,2043,93.8851049890928
"REGION1","SEBMSTPH3",1,2044,93.8851049890928
"REGION1","SEBMSTPH3",1,2045,100.076521869256
"REGION1","SEBMSTPH3",1,2046,100.076521869256
"REGION1","SEBMSTPH3",1,2047,100.076521869256
"REGION1","SEBMSTPH3",1,2048,100.076521869256
"REGION1","SEBMSTPH3",1,2049,100.076521869256
"REGION1","SEBMSTPH3",1,2050,100.076521869256
"REGION1","SEBMSTPH3",1,2051,100.076521869256
"REGION1","SEBMSTPH3",1,2052,100.076521869256
"REGION1","SEBMSTPH3",1,2053,100.076521869256
"REGION1","SEBMSTPH3",1,2054,100.076521869256
"REGION1","SEBMSTPH3",1,2055,100.076521869256
"REGION1","SEBMSTPH3",1,2056,100.076521869256
"REGION1","SEBMSTPH3",1,2057,100.076521869256
"REGION1","SEBMSTPH3",1,2058,100.076521869256
"REGION1","SEBMSTPH3",1,2059,100.076521869256
"REGION1","SEBMSTPH3",1,2060,95.3056922403187
"REGION1","SECO00I00",1,2015,11.0787948
"REGION1","SECO00I00",1,2016,12.0627212
"REGION1","SECO00I00",1,2017,13.0466576
"REGION1","SECO00I00",1,2018,14.030584
"REGION1","SECO00I00",1,2019,15.0145204
"REGION1","SECO00I00",1,2020,15.9984468
"REGION1","SECO00I00",1,2021,16.0194132
"REGION1","SECO00I00",1,2022,16.0403796
"REGION1","SECO00I00",1,2023,16.061346
"REGION1","SECO00I00",1,2024,16.0823124
"REGION1","SECO00I00",1,2025,7.4265588
"REGION1","SECO00I00",1,2026,8.24301520000001
"REGION1","SECO00I00",1,2027,9.05947159999999
"REGION1","SECO00I00",1,2028,9.875938
"REGION1","SECO00I00",1,2029,10.6923924
"REGION1","SECO00I00",1,2030,11.5088508
"REGION1","SECO00I00",1,2031,0.4963896
"REGION1","SECO00I00",1,2032,0.4963896
"REGION1","SECO00I00",1,2033,0.4963896
"REGION1","SECO00I00",1,2034,0.4963896
"REGION1","SECO00I00",1,2035,0.4963896
"REGION1","SECO00I00",1,2036,0.4963896
"REGION1","SECO00I00",1,2037,0.4963896
"REGION1","SECO00I00",1,2038,0.4963896
"REGION1","SECO00I00",1,2039,0.496389599999999
"REGION1","SECO00I00",1,2040,0.496389600000001
"REGION1","SECO00I00",1,2041,0.496389599999999
"REGION1","SECO00I00",1,2042,0.4963896
"REGION1","SECO00I00",1,2043,0.4963896
"REGION1","SECO00I00",1,2044,0.4963896
"REGION1","SECO00I00",1,2045,0.4963896
"REGION1","SECO00I00",1,2046,0.4963896
"REGION1","SECO00I00",1,2047,0.4963896
"REGION1","SECO00I00",1,2048,0.4963896
"REGION1","SECO00I00",1,2049,0.4963896
"REGION1","SECO00I00",1,2050,0.4963896
"REGION1","SECO00I00",1,2051,0.4963896
"REGION1","SECO00I00",1,2052,0.4963896
"REGION1","SECO00I00",1,2053,0.4963896
"REGION1","SECO00I00",1,2054,0.496389600000001
"REGION1","SECO00I00",1,2055,0.4963896
"REGION1","SECO00I00",1,2056,0.4963896
"REGION1","SECO00I00",1,2057,0.4963896
"REGION1","SECO00I00",1,2058,0.4963896
"REGION1","SECO00I00",1,2059,0.496389600000001
"REGION1","SECO00I00",1,2060,0.496389600000003
"REGION1","SECO00X00",1,2015,8.79227999999998
"REGION1","SECO00X00",1,2016,7.82932
"REGION1","SECO00X00",1,2017,6.86634999999999
"REGION1","SECO00X00",1,2018,5.90339
"REGION1","SECO00X00",1,2019,4.94042
"REGION1","SECO00X00",1,2020,3.97746
"REGION1","SECO00X00",1,2021,3.97746
"REGION1","SECO00X00",1,2022,3.97746
"REGION1","SECO00X00",1,2023,3.97746
"REGION1","SECO00X00",1,2024,3.97746
"REGION1","SECO00X00",1,2025,3.97746
"REGION1","SECO00X00",1,2026,3.18197
"REGION1","SECO00X00",1,2027,2.38648
"REGION1","SECO00X00",1,2028,1.59098
"REGION1","SECO00X00",1,2029,0.795492
"REGION1","SEEL00TD0",1,2015,489.409721142488
"REGION1","SEEL00TD0",1,2016,494.894609302361
"REGION1","SEEL00TD0",1,2017,500.397919566982
"REGION1","SEEL00TD0",1,2018,505.91908772634
"REGION1","SEEL00TD0",1,2019,511.658504307267
"REGION1","SEEL00TD0",1,2020,517.014341940309
"REGION1","SEEL00TD0",1,2021,520.365862555456
"REGION1","SEEL00TD0",1,2022,523.720710539024
"REGION1","SEEL00TD0",1,2023,527.078946943646
"REGION1","SEEL00TD0",1,2024,530.439401790822
"REGION1","SEEL00TD0",1,2025,538.639559752888
"REGION1","SEEL00TD0",1,2026,542.554516548233
"REGION1","SEEL00TD0",1,2027,546.472957948317
"REGION1","SEEL00TD0",1,2028,550.394970927349
"REGION1","SEEL00TD0",1,2029,554.32061653796
"REGION1","SEEL00TD0",1,2030,558.249772674886
"REGION1","SEEL00TD0",1,2031,573.353507653275
"REGION1","SEEL00TD0",1,2032,576.689158842191
"REGION1","SEEL00TD0",1,2033,580.028250733034
"REGION1","SEEL00TD0",1,2034,583.371838764055
"REGION1","SEEL00TD0",1,2035,586.719183918688
"REGION1","SEEL00TD0",1,2036,590.536881099492
"REGION1","SEEL00TD0",1,2037,594.359439878127
"REGION1","SEEL00TD0",1,2038,598.185964522242
"REGION1","SEEL00TD0",1,2039,602.015404956347
"REGION1","SEEL00TD0",1,2040,605.849866442568
"REGION1","SEEL00TD0",1,2041,611.565442798611
"REGION1","SEEL00TD0",1,2042,617.284987575705
"REGION1","SEEL00TD0",1,2043,623.009111300168
"REGION1","SEEL00TD0",1,2044,628.737203445684
"REGION1","SEEL00TD0",1,2045,634.470621906474
"REGION1","SEEL00TD0",1,2046,639.617040657137
"REGION1","SEEL00TD0",1,2047,644.767733092011
"REGION1","SEEL00TD0",1,2048,649.922699211095
"REGION1","SEEL00TD0",1,2049,655.082244277547
"REGION1","SEEL00TD0",1,2050,660.246368291368
"REGION1","SEEL00TD0",1,2051,663.230861796505
"REGION1","SEEL00TD0",1,2052,666.229713191737
"REGION1","SEEL00TD0",1,2053,669.242617213905
"REGION1","SEEL00TD0",1,2054,672.271679125137
"REGION1","SEEL00TD0",1,2055,675.3140462954
"REGION1","SEEL00TD0",1,2056,677.731824300421
"REGION1","SEEL00TD0",1,2057,680.159749671284
"REGION1","SEEL00TD0",1,2058,682.598875039053
"REGION1","SEEL00TD0",1,2059,685.048453035821
"REGION1","SEEL00TD0",1,2060,687.509231029495
"REGION1","SEGO00X00",1,2024,0.0334944
"REGION1","SEGO00X00",1,2025,0.041868
"REGION1","SEGO00X00",1,2026,0.0753624
"REGION1","SEGO00X00",1,2027,0.108857
"REGION1","SEGO00X00",1,2028,0.142351
"REGION1","SEGO00X00",1,2029,0.175846
"REGION1","SEGO00X00",1,2030,0.20934
"REGION1","SEGO00X00",1,2031,0.242834
"REGION1","SEGO00X00",1,2032,0.276329
"REGION1","SEGO00X00",1,2033,0.309823
"REGION1","SEGO00X00",1,2034,0.343318
"REGION1","SEGO00X00",1,2035,0.376812
"REGION1","SEGO00X00",1,2036,0.410306
"REGION1","SEGO00X00",1,2037,0.443801
"REGION1","SEGO00X00",1,2038,0.477295
"REGION1","SEGO00X00",1,2039,0.51079
"REGION1","SEGO00X00",1,2040,0.544284
"REGION1","SEGO00X00",1,2041,0.569405
"REGION1","SEGO00X00",1,2042,0.594526
"REGION1","SEGO00X00",1,2043,0.619646
"REGION1","SEGO00X00",1,2044,0.644767
"REGION1","SEGO00X00",1,2045,0.669888
"REGION1","SEGO00X00",1,2046,0.678262
"REGION1","SEGO00X00",1,2047,0.686635
"REGION1","SEGO00X00",1,2048,0.695009
"REGION1","SEGO00X00",1,2049,0.703382
"REGION1","SEGO00X00",1,2050,0.711756
"REGION1","SEGO00X00",1,2051,0.718874
"REGION1","SEGO00X00",1,2052,0.726062
"REGION1","SEGO00X00",1,2053,0.733323
"REGION1","SEGO00X00",1,2054,0.740656
"REGION1","SEGO00X00",1,2055,0.748063
"REGION1","SEGO00X00",1,2056,0.755543
"REGION1","SEGO00X00",1,2057,0.763099
"REGION1","SEGO00X00",1,2058,0.77073
"REGION1","SEGO00X00",1,2059,0.778437
"REGION1","SEGO00X00",1,2060,0.786221
"REGION1","SEGOCVPH2",1,2024,0.0079242363662603
"REGION1","SEGOCVPH2",1,2025,0.00992200885842866
"REGION1","SEGOCVPH2",1,2026,0.0178898017609119
"REGION1","SEGOCVPH2",1,2027,0.0258846216950781
"REGION1","SEGOCVPH2",1,2028,0.0339064963771395
"REGION1","SEGOCVPH2",1,2029,0.041955802844995
"REGION1","SEGOCVPH2",1,2030,0.0500322650032265
"REGION1","SEGOCVPH2",1,2031,0.05815644960041
"REGION1","SEGOCVPH2",1,2032,0.066314450617358
"REGION1","SEGOCVPH2",1,2033,0.0745056969300545
"REGION1","SEGOCVPH2",1,2034,0.0827312159622151
"REGION1","SEGOCVPH2",1,2035,0.0909903579371346
"REGION1","SEGOCVPH2",1,2036,0.099283754289005
"REGION1","SEGOCVPH2",1,2037,0.107612121976295
"REGION1","SEGOCVPH2",1,2038,0.115974690864559
"REGION1","SEGOCVPH2",1,2039,0.124372706620274
"REGION1","SEGOCVPH2",1,2040,0.132805317248851
"REGION1","SEGOCVPH2",1,2041,0.139214401498241
"REGION1","SEGOCVPH2",1,2042,0.145649329968887
"REGION1","SEGOCVPH2",1,2043,0.152110013820462
"REGION1","SEGOCVPH2",1,2044,0.158597101420756
"REGION1","SEGOCVPH2",1,2045,0.165110506974004
"REGION1","SEGOCVPH2",1,2046,0.167514287548963
"REGION1","SEGOCVPH2",1,2047,0.169927612448184
"REGION1","SEGOCVPH2",1,2048,0.172351036076696
"REGION1","SEGOCVPH2",1,2049,0.174784123410589
"REGION1","SEGOCVPH2",1,2050,0.177227431861078
"REGION1","SEGOCVPH2",1,2051,0.179178724093668
"REGION1","SEGOCVPH2",1,2052,0.181151385714713
"REGION1","SEGOCVPH2",1,2053,0.183146230173101
"REGION1","SEGOCVPH2",1,2054,0.185163074184629
"REGION1","SEGOCVPH2",1,2055,0.187202016005926
"REGION1","SEGOCVPH2",1,2056,0.18926285624106
"REGION1","SEGOCVPH2",1,2057,0.191346877162716
"REGION1","SEGOCVPH2",1,2058,0.193453897415946
"REGION1","SEGOCVPH2",1,2059,0.195584237423556
"REGION1","SEGOCVPH2",1,2060,0.197737721575019
"REGION1","SEHF00I00",1,2015,14.282838
"REGION1","SEHF00I00",1,2016,14.665554
"REGION1","SEHF00I00",1,2017,15.058512
"REGION1","SEHF00I00",1,2018,15.462
"REGION1","SEHF00I00",1,2019,15.9948
"REGION1","SEHF00I00",1,2020,16.3008
"REGION1","SEHF00I00",1,2021,16.480116
"REGION1","SEHF00I00",1,2022,16.661394
"REGION1","SEHF00I00",1,2023,16.84467
"REGION1","SEHF00I00",1,2024,17.029962
"REGION1","SEHF00I00",1,2025,17.217288
"REGION1","SEHF00I00",1,2026,17.406684
"REGION1","SEHF00I00",1,2027,17.59815
"REGION1","SEHF00I00",1,2028,17.791722
"REGION1","SEHF00I00",1,2029,17.987436
"REGION1","SEHF00I00",1,2030,18.18522
"REGION1","SEHF00I00",1,2031,18.38538
"REGION1","SEHF00I00",1,2032,18.58752
"REGION1","SEHF00I00",1,2033,18.792
"REGION1","SEHF00I00",1,2034,18.99882
"REGION1","SEHF00I00",1,2035,19.2078
"REGION1","SEHF00I00",1,2036,19.41912
"REGION1","SEHF00I00",1,2037,19.6326
"REGION1","SEHF00I00",1,2038,19.8486
"REGION1","SEHF00I00",1,2039,20.06694
"REGION1","SEHF00I00",1,2040,20.28762
"REGION1","SEHF00I00",1,2041,20.51082
"REGION1","SEHF00I00",1,2042,20.73636
"REGION1","SEHF00I00",1,2043,20.9646
"REGION1","SEHF00I00",1,2044,21.19518
"REGION1","SEHF00I00",1,2045,21.42828
"REGION1","SEHF00I00",1,2046,21.66408
"REGION1","SEHF00I00",1,2047,21.9024
"REGION1","SEHF00I00",1,2048,22.14324
"REGION1","SEHF00I00",1,2049,22.38678
"REGION1","SEHF00I00",1,2050,22.63302
"REGION1","SEHF00I00",1,2051,22.88196
"REGION1","SEHF00I00",1,2052,23.13378
"REGION1","SEHF00I00",1,2053,23.3883
"REGION1","SEHF00I00",1,2054,23.64552
"REGION1","SEHF00I00",1,2055,23.90562
"REGION1","SEHF00I00",1,2056,24.1686
"REGION1","SEHF00I00",1,2057,24.43446
"REGION1","SEHF00I00",1,2058,24.7032
"REGION1","SEHF00I00",1,2059,24.975
"REGION1","SEHF00I00",1,2060,25.24968
"REGION1","SEHYDMPH1",1,2015,19.2379220267001
"REGION1","SEHYDMPH1",1,2016,16.9589782232747
"REGION1","SEHYDMPH1",1,2017,14.4444674488188
"REGION1","SEHYDMPH1",1,2018,13.6709540131189
"REGION1","SEHYDMPH1",1,2019,13.6157851078023
"REGION1","SEHYDMPH1",1,2020,13.2773260010206
"REGION1","SEHYDMPH1",1,2021,13.2622928288778
"REGION1","SEHYDMPH1",1,2022,13.1309936706719
"REGION1","SEHYDMPH1",1,2023,12.8998231933812
"REGION1","SEHYDMPH1",1,2024,12.7211269962118
"REGION1","SEHYDMPH1",1,2025,12.4421623772972
"REGION1","SEHYDMPH1",1,2026,12.4073449833249
"REGION1","SEHYDMPH1",1,2027,12.2675081179209
"REGION1","SEHYDMPH1",1,2028,12.2106373440598
"REGION1","SEHYDMPH1",1,2029,11.6880218785285
"REGION1","SEHYDMPH1",1,2030,11.4716009286233
"REGION1","SEHYDMPH1",1,2031,11.4301887940412
"REGION1","SEHYDMPH1",1,2032,11.2085913273132
"REGION1","SEHYDMPH1",1,2033,10.8112759333685
"REGION1","SEHYDMPH1",1,2034,10.6101718003635
"REGION1","SEHYDMPH1",1,2035,10.378547491461
"REGION1","SEHYDMPH1",1,2036,10.2231101643994
"REGION1","SEHYDMPH1",1,2037,10.0343445783418
"REGION1","SEHYDMPH1",1,2038,9.46918239919871
"REGION1","SEHYDMPH1",1,2039,9.03875147982626
"REGION1","SEHYDMPH1",1,2040,8.86828098062175
"REGION1","SEHYDMPH1",1,2041,8.53102736405908
"REGION1","SEHYDMPH1",1,2042,7.69895546819148
"REGION1","SEHYDMPH1",1,2043,7.5465531400341
"REGION1","SEHYDMPH1",1,2044,7.27021223512562
"REGION1","SEHYDMPH1",1,2045,7.27021223512562
"REGION1","SEHYDMPH1",1,2046,7.19433726251795
"REGION1","SEHYDMPH1",1,2047,7.19433726251795
"REGION1","SEHYDMPH1",1,2048,7.18299147222148
"REGION1","SEHYDMPH1",1,2049,7.08797047848852
"REGION1","SEHYDMPH1",1,2050,7.0706681482864
"REGION1","SEHYDMPH1",1,2051,7.0706681482864
"REGION1","SEHYDMPH1",1,2052,6.77170657397433
"REGION1","SEHYDMPH1",1,2053,6.75610611231668
"REGION1","SEHYDMPH1",1,2054,6.75610611231668
"REGION1","SEHYDMPH1",1,2055,6.49798938307191
"REGION1","SEHYDMPH1",1,2056,6.48891275083473
"REGION1","SEHYDMPH1",1,2057,6.40396114598989
"REGION1","SEHYDMPH1",1,2058,6.23059747025978
"REGION1","SEHYDMPH1",1,2059,5.82446072435965
"REGION1","SEHYDMPH1",1,2060,5.70489027687269
"REGION1","SEHYDMPH2",1,2015,141.55121431783
"REGION1","SEHYDMPH2",1,2016,140.503146939193
"REGION1","SEHYDMPH2",1,2017,140.141499873493
"REGION1","SEHYDMPH2",1,2018,134.2884903043
"REGION1","SEHYDMPH2",1,2019,133.012088895947
"REGION1","SEHYDMPH2",1,2020,132.870266517241
"REGION1","SEHYDMPH2",1,2021,132.232065813064
"REGION1","SEHYDMPH2",1,2022,130.799659788135
"REGION1","SEHYDMPH2",1,2023,130.799659788135
"REGION1","SEHYDMPH2",1,2024,127.651202980863
"REGION1","SEHYDMPH2",1,2025,127.651202980863
"REGION1","SEHYDMPH2",1,2026,127.261191439422
"REGION1","SEHYDMPH2",1,2027,126.871179897981
"REGION1","SEHYDMPH2",1,2028,126.871179897981
"REGION1","SEHYDMPH2",1,2029,123.536935774605
"REGION1","SEHYDMPH2",1,2030,123.094449953042
"REGION1","SEHYDMPH2",1,2031,121.605598621387
"REGION1","SEHYDMPH2",1,2032,118.444377800033
"REGION1","SEHYDMPH2",1,2033,112.391398676864
"REGION1","SEHYDMPH2",1,2034,108.90682283206
"REGION1","SEHYDMPH2",1,2035,102.051838157309
"REGION1","SEHYDMPH2",1,2036,98.1481771834291
"REGION1","SEHYDMPH2",1,2037,91.1017322974256
"REGION1","SEHYDMPH2",1,2038,86.7243845786675
"REGION1","SEHYDMPH2",1,2039,83.9333201657351
"REGION1","SEHYDMPH2",1,2040,81.7634377715345
"REGION1","SEHYDMPH2",1,2041,73.8483308159574
"REGION1","SEHYDMPH2",1,2042,70.6232899241849
"REGION1","SEHYDMPH2",1,2043,65.9006047132779
"REGION1","SEHYDMPH2",1,2044,58.4889672021067
"REGION1","SEHYDMPH2",1,2045,56.5601828517063
"REGION1","SEHYDMPH2",1,2046,54.3364079535975
"REGION1","SEHYDMPH2",1,2047,52.7054505984795
"REGION1","SEHYDMPH2",1,2048,47.2155063187735
"REGION1","SEHYDMPH2",1,2049,45.1271717923289
"REGION1","SEHYDMPH2",1,2050,42.5034577862694
"REGION1","SEHYDMPH2",1,2051,39.567734547057
"REGION1","SEHYDMPH2",1,2052,39.0004450322333
"REGION1","SEHYDMPH2",1,2053,34.2635775834557
"REGION1","SEHYDMPH2",1,2054,29.7904997590712
"REGION1","SEHYDMPH2",1,2055,23.9970555889345
"REGION1","SEHYDMPH2",1,2056,19.1807676080816
"REGION1","SEHYDMPH2",1,2057,18.8120294234462
"REGION1","SEHYDMPH2",1,2058,17.5781747287047
"REGION1","SEHYDMPH2",1,2059,16.457777936928
"REGION1","SEHYDMPH2",1,2060,15.4933857617278
"REGION1","SEHYDMPH3",1,2015,70.8090772402896
"REGION1","SEHYDMPH3",1,2016,70.8090772402896
"REGION1","SEHYDMPH3",1,2017,70.8090772402896
"REGION1","SEHYDMPH3",1,2018,70.8090772402896
"REGION1","SEHYDMPH3",1,2019,70.8090772402897
"REGION1","SEHYDMPH3",1,2020,70.8090772402896
"REGION1","SEHYDMPH3",1,2021,70.8090772402896
"REGION1","SEHYDMPH3",1,2022,70.8090772402896
"REGION1","SEHYDMPH3",1,2023,70.8090772402897
"REGION1","SEHYDMPH3",1,2024,69.1355731715598
"REGION1","SEHYDMPH3",1,2025,69.1355731715598
"REGION1","SEHYDMPH3",1,2026,69.1355731715598
"REGION1","SEHYDMPH3",1,2027,69.1355731715598
"REGION1","SEHYDMPH3",1,2028,69.1355731715598
"REGION1","SEHYDMPH3",1,2029,69.1355731715598
"REGION1","SEHYDMPH3",1,2030,111.302259697164
"REGION1","SEHYDMPH3",1,2031,113.903523163401
"REGION1","SEHYDMPH3",1,2032,118.358341451484
"REGION1","SEHYDMPH3",1,2033,125.880635968597
"REGION1","SEHYDMPH3",1,2034,130.638315946407
"REGION1","SEHYDMPH3",1,2035,138.79692493006
"REGION1","SEHYDMPH3",1,2036,143.384921702894
"REGION1","SEHYDMPH3",1,2037,150.612132174955
"REGION1","SEHYDMPH3",1,2038,155.546642072856
"REGION1","SEHYDMPH3",1,2039,154.237071709264
"REGION1","SEHYDMPH3",1,2040,161.091490298566
"REGION1","SEHYDMPH3",1,2041,170.925850870706
"REGION1","SEHYDMPH3",1,2042,170.925850870706
"REGION1","SEHYDMPH3",1,2043,183.02405119741
"REGION1","SEHYDMPH3",1,2044,181.492369507386
"REGION1","SEHYDMPH3",1,2045,195.80581396389
"REGION1","SEHYDMPH3",1,2046,199.696463834607
"REGION1","SEHYDMPH3",1,2047,202.918421189725
"REGION1","SEHYDMPH3",1,2048,210.010711259727
"REGION1","SEHYDMPH3",1,2049,213.785066779905
"REGION1","SEHYDMPH3",1,2050,218.017083116167
"REGION1","SEHYDMPH3",1,2051,222.314806355379
"REGION1","SEHYDMPH3",1,2052,224.551057444515
"REGION1","SEHYDMPH3",1,2053,230.67952535495
"REGION1","SEHYDMPH3",1,2054,232.939283603368
"REGION1","SEHYDMPH3",1,2055,242.825372413512
"REGION1","SEHYDMPH3",1,2056,254.069782379134
"REGION1","SEHYDMPH3",1,2057,255.645472168615
"REGION1","SEHYDMPH3",1,2058,253.934890261456
"REGION1","SEHYDMPH3",1,2059,253.934890261456
"REGION1","SEHYDMPH3",1,2060,263.05618669945
"REGION1","SEHYDSPH2",1,2015,1.31643573384174
"REGION1","SEHYDSPH2",1,2016,1.31643573384174
"REGION1","SEHYDSPH2",1,2017,1.31643573384174
"REGION1","SEHYDSPH2",1,2018,1.31643573384174
"REGION1","SEHYDSPH2",1,2019,1.31643573384174
"REGION1","SEHYDSPH2",1,2020,1.31643573384174
"REGION1","SEHYDSPH2",1,2021,1.31643573384174
"REGION1","SEHYDSPH2",1,2022,1.31643573384174
"REGION1","SEHYDSPH2",1,2023,1.31643573384174
"REGION1","SEHYDSPH2",1,2024,1.31643573384174
"REGION1","SEHYDSPH2",1,2025,1.31643573384174
"REGION1","SEHYDSPH2",1,2026,1.31643573384174
"REGION1","SEHYDSPH2",1,2027,1.31643573384174
"REGION1","SEHYDSPH2",1,2028,1.31643573384174
"REGION1","SEHYDSPH2",1,2029,1.31643573384174
"REGION1","SEHYDSPH2",1,2030,1.31643573384174
"REGION1","SEHYDSPH2",1,2031,1.31643573384174
"REGION1","SEHYDSPH2",1,2032,1.31643573384174
"REGION1","SEHYDSPH2",1,2033,1.31643573384174
"REGION1","SEHYDSPH2",1,2034,1.31643573384174
"REGION1","SEHYDSPH2",1,2035,1.31643573384174
"REGION1","SEHYDSPH2",1,2036,0.778537261949414
"REGION1","SEHYDSPH2",1,2037,0.778537261949414
"REGION1","SEHYDSPH2",1,2038,0.778537261949414
"REGION1","SEHYDSPH2",1,2039,0.778537261949414
"REGION1","SEHYDSPH2",1,2040,0.778537261949414
"REGION1","SEHYDSPH2",1,2041,0.778537261949414
"REGION1","SEHYDSPH2",1,2042,0.778537261949414
"REGION1","SEHYDSPH2",1,2043,0.778537261949414
"REGION1","SEHYDSPH2",1,2044,0.778537261949414
"REGION1","SEHYDSPH2",1,2045,0.778537261949414
"REGION1","SEHYDSPH2",1,2046,0.778537261949414
"REGION1","SEHYDSPH2",1,2047,0.778537261949414
"REGION1","SEHYDSPH2",1,2048,0.778537261949414
"REGION1","SEHYDSPH2",1,2049,0.778537261949414
"REGION1","SEHYDSPH2",1,2050,0.778537261949414
"REGION1","SEHYDSPH2",1,2051,0.778537261949414
"REGION1","SEHYDSPH2",1,2052,0.778537261949414
"REGION1","SEHYDSPH2",1,2053,0.778537261949414
"REGION1","SEHYDSPH2",1,2054,0.778537261949414
"REGION1","SEHYDSPH2",1,2055,0.778537261949414
"REGION1","SEHYDSPH2",1,2056,0.778537261949414
"REGION1","SEHYDSPH2",1,2057,0.778537261949414
"REGION1","SEHYDSPH2",1,2058,0.778537261949414
"REGION1","SEHYDSPH2",1,2059,0.778537261949414
"REGION1","SEHYDSPH2",1,2060,0.778537261949414
"REGION1","SEHYDSPH3",1,2015,4.14925368732831
"REGION1","SEHYDSPH3",1,2016,4.14925368732831
"REGION1","SEHYDSPH3",1,2017,4.14925368732831
"REGION1","SEHYDSPH3",1,2018,4.14925368732831
"REGION1","SEHYDSPH3",1,2019,4.14925368732831
"REGION1","SEHYDSPH3",1,2020,4.14925368732831
"REGION1","SEHYDSPH3",1,2021,4.14925368732831
"REGION1","SEHYDSPH3",1,2022,4.14925368732831
"REGION1","SEHYDSPH3",1,2023,4.14925368732831
"REGION1","SEHYDSPH3",1,2024,4.14925368732831
"REGION1","SEHYDSPH3",1,2025,4.14925368732831
"REGION1","SEHYDSPH3",1,2026,4.14925368732831
"REGION1","SEHYDSPH3",1,2027,4.14925368732831
"REGION1","SEHYDSPH3",1,2028,4.14925368732831
"REGION1","SEHYDSPH3",1,2029,4.14925368732831
"REGION1","SEHYDSPH3",1,2030,4.14925368732831
"REGION1","SEHYDSPH3",1,2031,4.14925368732831
"REGION1","SEHYDSPH3",1,2032,4.14925368732831
"REGION1","SEHYDSPH3",1,2033,4.14925368732831
"REGION1","SEHYDSPH3",1,2034,4.14925368732831
"REGION1","SEHYDSPH3",1,2035,4.14925368732831
"REGION1","SEHYDSPH3",1,2036,4.14925368732831
"REGION1","SEHYDSPH3",1,2037,4.14925368732831
"REGION1","SEHYDSPH3",1,2038,4.14925368732831
"REGION1","SEHYDSPH3",1,2039,4.14925368732831
"REGION1","SEHYDSPH3",1,2040,4.14925368732831
"REGION1","SEHYDSPH3",1,2041,4.14925368732831
"REGION1","SEHYDSPH3",1,2042,4.14925368732831
"REGION1","SEHYDSPH3",1,2043,4.14925368732831
"REGION1","SEHYDSPH3",1,2044,4.14925368732831
"REGION1","SEHYDSPH3",1,2045,4.14925368732831
"REGION1","SEHYDSPH3",1,2046,4.14925368732831
"REGION1","SEHYDSPH3",1,2047,4.14925368732831
"REGION1","SEHYDSPH3",1,2048,4.14925368732831
"REGION1","SEHYDSPH3",1,2049,4.14925368732831
"REGION1","SEHYDSPH3",1,2050,4.14925368732831
"REGION1","SEHYDSPH3",1,2051,4.14925368732831
"REGION1","SEHYDSPH3",1,2052,4.14925368732831
"REGION1","SEHYDSPH3",1,2053,4.14925368732831
"REGION1","SEHYDSPH3",1,2054,4.14925368732831
"REGION1","SEHYDSPH3",1,2055,4.14925368732831
"REGION1","SENG00I00",1,2015,4.8220704
"REGION1","SENG00I00",1,2016,4.8220704
"REGION1","SENG00I00",1,2017,4.8220704
"REGION1","SENG00I00",1,2018,4.8220704
"REGION1","SENG00I00",1,2019,4.8220704
"REGION1","SENG00I00",1,2020,4.8220704
"REGION1","SENG00I00",1,2021,4.8220704
"REGION1","SENG00I00",1,2022,4.8220704
"REGION1","SENG00I00",1,2023,4.8220704
"REGION1","SENG00I00",1,2024,4.8220704
"REGION1","SENG00I00",1,2025,14.4542304
"REGION1","SENG00I00",1,2026,14.4542304
"REGION1","SENG00I00",1,2027,14.4542304
"REGION1","SENG00I00",1,2028,14.4542304
"REGION1","SENG00I00",1,2029,14.4542304
"REGION1","SENG00I00",1,2030,14.4542304
"REGION1","SENG00I00",1,2031,22.39006
"REGION1","SENG00I00",1,2032,22.39006
"REGION1","SENG00I00",1,2033,22.39006
"REGION1","SENG00I00",1,2034,22.39006
"REGION1","SENG00I00",1,2035,22.39006
"REGION1","SENG00I00",1,2036,22.39006
"REGION1","SENG00I00",1,2037,22.39006
"REGION1","SENG00I00",1,2038,22.39006
"REGION1","SENG00I00",1,2039,22.3900599999999
"REGION1","SENG00I00",1,2040,22.39006
"REGION1","SENG00I00",1,2041,22.39006
"REGION1","SENG00I00",1,2042,22.39006
"REGION1","SENG00I00",1,2043,22.39006
"REGION1","SENG00I00",1,2044,22.39006
"REGION1","SENG00I00",1,2045,22.39006
"REGION1","SENG00I00",1,2046,22.39006
"REGION1","SENG00I00",1,2047,22.39006
"REGION1","SENG00I00",1,2048,22.39006
"REGION1","SENG00I00",1,2049,22.39006
"REGION1","SENG00I00",1,2050,22.39006
"REGION1","SENG00I00",1,2051,22.39006
"REGION1","SENG00I00",1,2052,22.39006
"REGION1","SENG00I00",1,2053,22.39006
"REGION1","SENG00I00",1,2054,22.39006
"REGION1","SENG00I00",1,2055,22.39006
"REGION1","SENG00I00",1,2056,22.39006
"REGION1","SENG00I00",1,2057,22.39006
"REGION1","SENG00I00",1,2058,22.39006
"REGION1","SENG00I00",1,2059,22.39006
"REGION1","SENG00I00",1,2060,22.3900600000001
"REGION1","SENUG2PH3",1,2015,190.628850599881
"REGION1","SENUG2PH3",1,2016,199.438857781079
"REGION1","SENUG2PH3",1,2017,207.816433725118
"REGION1","SENUG2PH3",1,2018,219.962232728631
"REGION1","SENUG2PH3",1,2019,226.706085215339
"REGION1","SENUG2PH3",1,2020,203.596495402602
"REGION1","SENUG2PH3",1,2021,203.596495402602
"REGION1","SENUG2PH3",1,2022,191.1839209617
"REGION1","SENUG2PH3",1,2023,191.1839209617
"REGION1","SENUG2PH3",1,2024,174.507677657968
"REGION1","SENUG2PH3",1,2025,174.507677657968
"REGION1","SENUG2PH3",1,2026,174.507677657968
"REGION1","SENUG2PH3",1,2027,174.507677657968
"REGION1","SENUG2PH3",1,2028,174.507677657968
"REGION1","SENUG2PH3",1,2029,174.507677657968
"REGION1","SENUG2PH3",1,2030,174.507677657968
"REGION1","SENUG2PH3",1,2031,174.507677657968
"REGION1","SENUG2PH3",1,2032,174.507677657968
"REGION1","SENUG2PH3",1,2033,174.507677657968
"REGION1","SENUG2PH3",1,2034,174.507677657968
"REGION1","SENUG2PH3",1,2035,137.925903391081
"REGION1","SENUG2PH3",1,2036,137.925903391081
"REGION1","SENUG2PH3",1,2037,137.925903391081
"REGION1","SENUG2PH3",1,2038,137.925903391081
"REGION1","SENUG2PH3",1,2039,137.925903391081
"REGION1","SENUG2PH3",1,2040,111.940229256672
"REGION1","SENUG2PH3",1,2041,55.024034259365
"REGION1","SENUG2PH3",1,2042,55.024034259365
"REGION1","SENUG2PH3",1,2043,30.2745718070784
"REGION1","SENUG2PH3",1,2044,30.2745718070784
"REGION1","SEOCWVPH1",1,2015,0.06307202459808
"REGION1","SEOCWVPH1",1,2016,0.0649641853360224
"REGION1","SEOCWVPH1",1,2017,0.0668563460739648
"REGION1","SEOCWVPH1",1,2018,0.0687485068119072
"REGION1","SEOCWVPH1",1,2019,0.0706406675498496
"REGION1","SEOCWVPH1",1,2020,0.072532828287792
"REGION1","SEOCWVPH1",1,2021,0.074109628902744
"REGION1","SEOCWVPH1",1,2022,0.075686429517696
"REGION1","SEOCWVPH1",1,2023,0.077263230132648
"REGION1","SEOCWVPH1",1,2024,0.0788400307476
"REGION1","SEOCWVPH1",1,2025,0.080416831362552
"REGION1","SEOCWVPH1",1,2026,0.081993631977504
"REGION1","SEOCWVPH1",1,2027,0.083570432592456
"REGION1","SEOCWVPH1",1,2028,0.085147233207408
"REGION1","SEOCWVPH1",1,2029,0.08672403382236
"REGION1","SEOCWVPH1",1,2030,0.088300834437312
"REGION1","SEOCWVPH1",1,2031,0.0895622749292736
"REGION1","SEOCWVPH1",1,2032,0.0908237154212352
"REGION1","SEOCWVPH1",1,2033,0.0920851559131968
"REGION1","SEOCWVPH1",1,2034,0.0933465964051584
"REGION1","SEOCWVPH1",1,2035,0.09460803689712
"REGION1","SEOCWVPH1",1,2036,0.0958694773890816
"REGION1","SEOCWVPH1",1,2037,0.0971309178810432
"REGION1","SEOCWVPH1",1,2038,0.0983923583730048
"REGION1","SEOCWVPH1",1,2039,0.0996537988649664
"REGION1","SESODIFH1",1,2015,0.00105889641132809
"REGION1","SESODIFH1",1,2016,0.00105889641132809
"REGION1","SESODIFH1",1,2017,0.00105889641132809
"REGION1","SESODIFH1",1,2018,0.00105889641132809
"REGION1","SESODIFH1",1,2019,0.00105889641132809
"REGION1","SESODIFH1",1,2020,0.00105889641132809
"REGION1","SESODIFH1",1,2021,0.00105889641132809
"REGION1","SESODIFH1",1,2022,0.00105889641132809
"REGION1","SESODIFH1",1,2023,0.00105889641132809
"REGION1","SESODIFH1",1,2024,0.00105889641132809
"REGION1","SESODIFH1",1,2025,0.00105889641132809
"REGION1","SESODIFH1",1,2026,0.00103427091339023
"REGION1","SESODIFH1",1,2027,0.00103427091339023
"REGION1","SESODIFH1",1,2028,0.00103427091339023
"REGION1","SESODIFH1",1,2029,0.00103427091339023
"REGION1","SESODIFH1",1,2030,0.00103427091339023
"REGION1","SESODIFH1",1,2031,0.00103427091339023
"REGION1","SESODIFH1",1,2032,0.00103427091339023
"REGION1","SESODIFH1",1,2033,0.000535604580148513
"REGION1","SESODIFH1",1,2034,0.000535604580148513
"REGION1","SESODIFH1",1,2035,0.000446337150123761
"REGION1","SESODIFH1",1,2036,0.000292427788012119
"REGION1","SESOUTPH2",1,2015,0.319072581445407
"REGION1","SESOUTPH2",1,2016,0.319072581445407
"REGION1","SESOUTPH2",1,2017,0.319072581445407
"REGION1","SESOUTPH2",1,2018,0.319072581445407
"REGION1","SESOUTPH2",1,2019,0.319072581445407
"REGION1","SESOUTPH2",1,2020,0.319072581445407
"REGION1","SESOUTPH2",1,2021,0.319072581445407
"REGION1","SESOUTPH2",1,2022,0.319072581445407
"REGION1","SESOUTPH2",1,2023,0.319072581445407
"REGION1","SESOUTPH2",1,2024,0.319072581445407
"REGION1","SESOUTPH2",1,2025,0.319072581445407
"REGION1","SESOUTPH2",1,2026,0.319072581445407
"REGION1","SESOUTPH2",1,2027,0.319072581445407
"REGION1","SESOUTPH2",1,2028,0.319072581445407
"REGION1","SESOUTPH2",1,2029,0.319072581445407
"REGION1","SESOUTPH2",1,2030,0.319072581445407
"REGION1","SESOUTPH2",1,2031,0.319072581445407
"REGION1","SESOUTPH2",1,2032,0.300628083220308
"REGION1","SESOUTPH2",1,2033,0.294970374986374
"REGION1","SESOUTPH2",1,2034,0.291892187699141
"REGION1","SESOUTPH2",1,2035,0.285825080556005
"REGION1","SESOUTPH2",1,2036,0.282900802633134
"REGION1","SESOUTPH2",1,2037,0.246254982978627
"REGION1","SESOUTPH2",1,2038,0.187769424521203
"REGION1","SESOUTPH2",1,2039,0.135440240638245
"REGION1","SEUR00I00",1,2015,577.662605972819
"REGION1","SEUR00I00",1,2016,604.359570734002
"REGION1","SEUR00I00",1,2017,629.746139117224
"REGION1","SEUR00I00",1,2018,666.551553837569
"REGION1","SEUR00I00",1,2019,686.987450028041
"REGION1","SEUR00I00",1,2020,616.958460018506
"REGION1","SEUR00I00",1,2021,616.958460018506
"REGION1","SEUR00I00",1,2022,579.34463569024
"REGION1","SEUR00I00",1,2023,579.34463569024
"REGION1","SEUR00I00",1,2024,528.81061560694
"REGION1","SEUR00I00",1,2025,528.81061560694
"REGION1","SEUR00I00",1,2026,528.81061560694
"REGION1","SEUR00I00",1,2027,528.81061560694
"REGION1","SEUR00I00",1,2028,528.81061560694
"REGION1","SEUR00I00",1,2029,528.81061560694
"REGION1","SEUR00I00",1,2030,528.81061560694
"REGION1","SEUR00I00",1,2031,528.81061560694
"REGION1","SEUR00I00",1,2032,528.81061560694
"REGION1","SEUR00I00",1,2033,528.81061560694
"REGION1","SEUR00I00",1,2034,528.81061560694
"REGION1","SEUR00I00",1,2035,417.956865045994
"REGION1","SEUR00I00",1,2036,417.956865045994
"REGION1","SEUR00I00",1,2037,417.956865045994
"REGION1","SEUR00I00",1,2038,417.956865045994
"REGION1","SEUR00I00",1,2039,417.956865045994
"REGION1","SEUR00I00",1,2040,339.212476716494
"REGION1","SEUR00I00",1,2041,166.739331016154
"REGION1","SEUR00I00",1,2042,166.739331016154
"REGION1","SEUR00I00",1,2043,91.7410349469897
"REGION1","SEUR00I00",1,2044,91.7410349469897
"REGION1","SEWIOFPH3",1,2015,2.52310745185536
"REGION1","SEWIOFPH3",1,2016,2.52310745185536
"REGION1","SEWIOFPH3",1,2017,2.52310745185536
"REGION1","SEWIOFPH3",1,2018,2.52310745185536
"REGION1","SEWIOFPH3",1,2019,2.52310745185536
"REGION1","SEWIOFPH3",1,2020,2.52310745185536
"REGION1","SEWIOFPH3",1,2021,2.52310745185536
"REGION1","SEWIOFPH3",1,2022,2.52310745185536
"REGION1","SEWIOFPH3",1,2023,2.52310745185536
"REGION1","SEWIOFPH3",1,2024,2.48268481572019
"REGION1","SEWIOFPH3",1,2025,2.32834384138589
"REGION1","SEWIOFPH3",1,2026,2.32834384138589
"REGION1","SEWIOFPH3",1,2027,2.32834384138589
"REGION1","SEWIOFPH3",1,2028,2.32834384138589
"REGION1","SEWIOFPH3",1,2029,2.32834384138589
"REGION1","SEWIOFPH3",1,2030,2.32834384138589
"REGION1","SEWIOFPH3",1,2031,2.32834384138589
"REGION1","SEWIOFPH3",1,2032,0.705558739813907
"REGION1","SEWIOFPH3",1,2033,0.705558739813907
"REGION1","SEWIOFPH3",1,2034,0.705558739813907
"REGION1","SEWIOFPH3",1,2035,0.705558739813907
"REGION1","SEWIOFPH3",1,2036,0.705558739813907
"REGION1","SEWIOFPH3",1,2037,0.705558739813907
"REGION1","SEWIONPH3",1,2015,43.171562821988
"REGION1","SEWIONPH3",1,2016,43.171562821988
"REGION1","SEWIONPH3",1,2017,43.171562821988
"REGION1","SEWIONPH3",1,2018,43.171562821988
"REGION1","SEWIONPH3",1,2019,43.171562821988
"REGION1","SEWIONPH3",1,2020,43.171562821988
"REGION1","SEWIONPH3",1,2021,43.171562821988
"REGION1","SEWIONPH3",1,2022,43.154980558379
"REGION1","SEWIONPH3",1,2023,42.8803718644101
"REGION1","SEWIONPH3",1,2024,41.2498627170807
"REGION1","SEWIONPH3",1,2025,40.9649201486887
"REGION1","SEWIONPH3",1,2026,40.7124211395317
"REGION1","SEWIONPH3",1,2027,40.5170388161389
"REGION1","SEWIONPH3",1,2028,40.4147414701067
"REGION1","SEWIONPH3",1,2029,40.2822435763422
"REGION1","SEWIONPH3",1,2030,40.0346311279588
"REGION1","SEWIONPH3",1,2031,39.7307030693478
"REGION1","SEWIONPH3",1,2032,38.8478377203886
"REGION1","SEWIONPH3",1,2033,35.5165651011642
"REGION1","SEWIONPH3",1,2034,31.276392178039
"REGION1","SEWIONPH3",1,2035,26.614292769752
"REGION1","SEWIONPH3",1,2036,20.4529003870414
"REGION1","SEWIONPH3",1,2037,14.8628350770808
"REGION1","SEWIONPH3",1,2038,7.90885054763778
"REGION1","SEWIONPN3",1,2015,5.6300294759836
"REGION1","SEWIONPN3",1,2016,5.6300294759836
"REGION1","SEWIONPN3",1,2017,5.6300294759836
"REGION1","SEWIONPN3",1,2018,5.6300294759836
"REGION1","SEWIONPN3",1,2019,5.6300294759836
"REGION1","SEWIONPN3",1,2020,5.6300294759836
"REGION1","SEWIONPN3",1,2021,5.6300294759836
"REGION1","SEWIONPN3",1,2022,5.6300294759836
"REGION1","SEWIONPN3",1,2023,5.6300294759836
"REGION1","SEWIONPN3",1,2024,5.6300294759836
"REGION1","SEWIONPN3",1,2025,5.6300294759836
"REGION1","SEWIONPN3",1,2026,5.6300294759836
"REGION1","SEWIONPN3",1,2027,5.6300294759836
"REGION1","SEWIONPN3",1,2028,5.6300294759836
"REGION1","SEWIONPN3",1,2029,5.6300294759836
"REGION1","SEWIONPN3",1,2030,23.354869232256
"REGION1","SEWIONPN3",1,2031,40.0616838377866
"REGION1","SEWIONPN3",1,2032,44.8400105339499
"REGION1","SEWIONPN3",1,2033,50.6364105441599
"REGION1","SEWIONPN3",1,2034,57.3747760137444
"REGION1","SEWIONPN3",1,2035,75.0996157700169
"REGION1","SEWIONPN3",1,2036,85.0810747746112
"REGION1","SEWIONPN3",1,2037,94.9791611597528
"REGION1","SEWIONPN3",1,2038,107.171345085999
"REGION1","SEWIONPN3",1,2039,124.896184842271
"REGION1","SEWIONPN3",1,2040,136.99099512256
"REGION1","SEWIONPN3",1,2041,154.715834878832
"REGION1","SEWIONPN3",1,2042,165.522306354376
"REGION1","SEWIONPN3",1,2043,183.247146110648
"REGION1","SEWIONPN3",1,2044,198.488231154739
"REGION1","SEWIONPN3",1,2045,216.213070911012
"REGION1","SEWIONPN3",1,2046,220.451605606892
"REGION1","SEWIONPN3",1,2047,224.694404442659
"REGION1","SEWIONPN3",1,2048,228.941466863906
"REGION1","SEWIONPN3",1,2049,233.193098568817
"REGION1","SEWIONPN3",1,2050,237.44929899998
"REGION1","SEWIONPN3",1,2051,239.920280872708
"REGION1","SEWIONPN3",1,2052,242.383159271919
"REGION1","SEWIONPN3",1,2053,244.839628121005
"REGION1","SEWIONPN3",1,2054,250.88787244104
"REGION1","SEWIONPN3",1,2055,250.887872441039
"REGION1","SEWIONPN3",1,2056,251.905897591781
"REGION1","SEWIONPN3",1,2057,254.065498599419
"REGION1","SEWIONPN3",1,2058,260.460116888644
"REGION1","SEWIONPN3",1,2059,265.257557753698
"REGION1","SEWIONPN3",1,2060,265.257557753697
"REGION1","SEWS00X00",1,2015,46.3043844497461
"REGION1","SEWS00X00",1,2016,40.993619806419
"REGION1","SEWS00X00",1,2017,36.7635811640203
"REGION1","SEWS00X00",1,2018,34.1566642032739
"REGION1","SEWS00X00",1,2019,38.6378271477397
"REGION1","SEWS00X00",1,2020,37.5338639978429
"REGION1","SEWS00X00",1,2021,34.4892247742963
"REGION1","SEWS00X00",1,2022,28.5402200045455
"REGION1","SEWS00X00",1,2023,31.9568489659357
"REGION1","SEWS00X00",1,2024,93.4737033857934
"REGION1","SEWS00X00",1,2025,167.67
"REGION1","SEWS00X00",1,2026,167.721
"REGION1","SEWS00X00",1,2027,167.772
"REGION1","SEWS00X00",1,2028,167.823
"REGION1","SEWS00X00",1,2029,167.874
"REGION1","SEWS00X00",1,2030,167.925
"REGION1","SEWS00X00",1,2031,165.89
"REGION1","SEWS00X00",1,2032,163.854
"REGION1","SEWS00X00",1,2033,161.818
"REGION1","SEWS00X00",1,2034,159.782
"REGION1","SEWS00X00",1,2035,157.747
"REGION1","SEWS00X00",1,2036,155.118
"REGION1","SEWS00X00",1,2037,152.49
"REGION1","SEWS00X00",1,2038,149.862
"REGION1","SEWS00X00",1,2039,147.234
"REGION1","SEWS00X00",1,2040,144.606
"REGION1","SEWS00X00",1,2041,143.817
"REGION1","SEWS00X00",1,2042,143.028
"REGION1","SEWS00X00",1,2043,142.24
"REGION1","SEWS00X00",1,2044,141.451
"REGION1","SEWS00X00",1,2045,140.663
"REGION1","SEWS00X00",1,2046,138.859
"REGION1","SEWS00X00",1,2047,137.055
"REGION1","SEWS00X00",1,2048,135.251
"REGION1","SEWS00X00",1,2049,133.447
"REGION1","SEWS00X00",1,2050,131.643
"REGION1","SEWS00X00",1,2051,129.405
"REGION1","SEWS00X00",1,2052,127.205
"REGION1","SEWS00X00",1,2053,125.043
"REGION1","SEWS00X00",1,2054,122.917
"REGION1","SEWS00X00",1,2055,120.827
"REGION1","SEWS00X00",1,2056,118.532
"REGION1","SEWS00X00",1,2057,116.28
"REGION1","SEWS00X00",1,2058,114.07
"REGION1","SEWS00X00",1,2059,111.903
"REGION1","SEWS00X00",1,2060,109.777
"REGION1","SEWSCHPH2",1,2015,9.91961482544827
"REGION1","SEWSCHPH2",1,2016,9.91961482544827
"REGION1","SEWSCHPH2",1,2017,9.91961482544827
"REGION1","SEWSCHPH2",1,2018,9.91961482544827
"REGION1","SEWSCHPH2",1,2019,9.91961482544827
"REGION1","SEWSCHPH2",1,2020,9.91961482544827
"REGION1","SEWSCHPH2",1,2021,9.16275053027131
"REGION1","SEWSCHPH2",1,2022,8.86000481220053
"REGION1","SEWSCHPH2",1,2023,8.86000481220053
"REGION1","SEWSCHPH2",1,2024,8.05268289734511
"REGION1","SEWSCHPH2",1,2025,6.30937213745417
"REGION1","SEWSCHPH2",1,2026,6.30937213745417
"REGION1","SEWSCHPH2",1,2027,6.30937213745417
"REGION1","SEWSCHPH2",1,2028,5.16398417075304
"REGION1","SEWSCHPH2",1,2029,4.43234868541531
"REGION1","SEWSCHPH2",1,2030,4.27719150490404
"REGION1","SEWSCHPH2",1,2031,3.39418316053092
"REGION1","SEWSCHPH2",1,2032,3.39418316053092
"REGION1","SEWSCHPH2",1,2033,3.19235268181706
"REGION1","SEWSCHPH2",1,2034,2.95933939414191
"REGION1","SEWSCHPH2",1,2035,2.42196574456627
"REGION1","SEWSCHPH2",1,2036,2.42196574456627
"REGION1","SEWSCHPH2",1,2037,1.97155945949463
"REGION1","SEWSCHPH2",1,2038,1.41281335099699
"REGION1","SEWSSTPH1",1,2015,0.0905083552982448
"REGION1","SEWSSTPH1",1,2016,0.0905083552982448
"REGION1","SEWSSTPH1",1,2017,0.0905083552982448
"REGION1","SEWSSTPH1",1,2018,0.0905083552982448
"REGION1","SEWSSTPH1",1,2019,0.0905083552982448
"REGION1","SEWSSTPH1",1,2020,0.0905083552982448
"REGION1","SEWSSTPH1",1,2021,0.0905083552982448
"REGION1","SEWSSTPH1",1,2022,0.0905083552982448
"REGION1","SEWSSTPH1",1,2023,0.0905083552982448
"REGION1","SEWSSTPH1",1,2024,21.3641780678712
"REGION1","SEWSSTPH1",1,2025,28.0829197278803
"REGION1","SEWSSTPH1",1,2026,33.6475651532219
"REGION1","SEWSSTPH1",1,2027,38.2816656629951
"REGION1","SEWSSTPH1",1,2028,43.5459779149874
"REGION1","SEWSSTPH1",1,2029,52.1356485248615
"REGION1","SEWSSTPH1",1,2030,54.9518661921372
"REGION1","SEWSSTPH1",1,2031,54.9518661921371
"REGION1","SEWSSTPH1",1,2032,54.9518661921371
"REGION1","SEWSSTPH1",1,2033,54.9518661921372
"REGION1","SEWSSTPH1",1,2034,54.9518661921372
"REGION1","SEWSSTPH1",1,2035,54.9518661921372
"REGION1","SEWSSTPH1",1,2036,54.9518661921372
"REGION1","SEWSSTPH1",1,2037,54.9518661921372
"REGION1","SEWSSTPH1",1,2038,54.861357836839
"REGION1","SEWSSTPH1",1,2039,54.861357836839
"REGION1","SEWSSTPH1",1,2040,54.861357836839
"REGION1","SEWSSTPH1",1,2041,54.6504381398248
"REGION1","SEWSSTPH1",1,2042,54.3506182597527
"REGION1","SEWSSTPH1",1,2043,54.0511783795286
"REGION1","SEWSSTPH1",1,2044,53.7513584994566
"REGION1","SEWSSTPH1",1,2045,53.4519186192324
"REGION1","SEWSSTPH1",1,2046,52.7663988934404
"REGION1","SEWSSTPH1",1,2047,52.0808791676482
"REGION1","SEWSSTPH1",1,2048,51.3953594418562
"REGION1","SEWSSTPH1",1,2049,50.7098397160641
"REGION1","SEWSSTPH1",1,2050,50.024319990272
"REGION1","SEWSSTPH1",1,2051,49.1738803304479
"REGION1","SEWSSTPH1",1,2052,48.3378806648477
"REGION1","SEWSSTPH1",1,2053,47.5163209934716
"REGION1","SEWSSTPH1",1,2054,46.7084413166235
"REGION1","SEWSSTPH1",1,2055,45.9142416343034
"REGION1","SEWSSTPH1",1,2056,45.0421419831432
"REGION1","SEWSSTPH1",1,2057,44.1863823254471
"REGION1","SEWSSTPH1",1,2058,43.3465826613669
"REGION1","SEWSSTPH1",1,2059,42.5231229907508
"REGION1","SEWSSTPH1",1,2060,41.7152433139027
"REGION1","SEstCO001",1,2015,3.283
"REGION1","SEstCO001",1,2016,3.283
"REGION1","SEstCO001",1,2017,3.283
"REGION1","SEstCO001",1,2018,3.283
"REGION1","SEstCO001",1,2019,3.283
"REGION1","SEstCO001",1,2020,3.283
"REGION1","SEstCO001",1,2021,3.283
"REGION1","SEstCO001",1,2022,3.283
"REGION1","SEstCO001",1,2023,3.283
"REGION1","SEstCO001",1,2024,3.283
"REGION1","SEstCO001",1,2025,1.483
"REGION1","SEstCO001",1,2026,1.483
"REGION1","SEstCO001",1,2027,1.483
"REGION1","SEstCO001",1,2028,1.483
"REGION1","SEstCO001",1,2029,1.483
"REGION1","SEstCO001",1,2030,1.483
"REGION1","SEstEA004",1,2025,1.8
"REGION1","SEstEA004",1,2026,1.8
"REGION1","SEstEA004",1,2027,1.8
"REGION1","SEstEA004",1,2028,1.8
"REGION1","SEstEA004",1,2029,1.8
"REGION1","SEstEA004",1,2030,1.8
"REGION1","SEstEA004",1,2031,3.283
"REGION1","SEstEA004",1,2032,3.283
"REGION1","SEstEA004",1,2033,3.283
"REGION1","SEstEA004",1,2034,3.283
"REGION1","SEstEA004",1,2035,3.283
"REGION1","SEstEA004",1,2036,3.283
"REGION1","SEstEA004",1,2037,3.283
"REGION1","SEstEA004",1,2038,3.283
"REGION1","SEstEA004",1,2039,3.28299999999999
"REGION1","SEstEA004",1,2040,3.28300000000001
"REGION1","SEstEA004",1,2041,3.283
"REGION1","SEstEA004",1,2042,3.283
"REGION1","SEstEA004",1,2043,3.283
"REGION1","SEstEA004",1,2044,3.283
"REGION1","SEstEA004",1,2045,3.283
"REGION1","SEstEA004",1,2046,3.283
"REGION1","SEstEA004",1,2047,3.283
"REGION1","SEstEA004",1,2048,3.283
"REGION1","SEstEA004",1,2049,3.283
"REGION1","SEstEA004",1,2050,3.283
"REGION1","SEstEA004",1,2051,3.283
"REGION1","SEstEA004",1,2052,3.283
"REGION1","SEstEA004",1,2053,3.283
"REGION1","SEstEA004",1,2054,3.283
"REGION1","SEstEA004",1,2055,3.283
"REGION1","SEstEA004",1,2056,3.283
"REGION1","SEstEA004",1,2057,3.283
"REGION1","SEstEA004",1,2058,3.283
"REGION1","SEstEA004",1,2059,3.283
"REGION1","SEstEA004",1,2060,3.28300000000002
"REGION1","SECK00X00",1,2015,34.931142
"REGION1","SECK00X00",1,2016,34.9395588
"REGION1","SECK00X00",1,2017,34.9479756
"REGION1","SECK00X00",1,2018,34.9563924
"REGION1","SECK00X00",1,2019,34.9648092
"REGION1","SECK00X00",1,2020,34.973226
"REGION1","SECK00X00",1,2021,34.9816428
"REGION1","SECK00X00",1,2022,34.9900596
"REGION1","SECK00X00",1,2023,34.9984764
"REGION1","SECK00X00",1,2024,35.0068932
"REGION1","SECK00X00",1,2025,16.64451
"REGION1","SECK00X00",1,2026,16.6529268
"REGION1","SECK00X00",1,2027,16.6613436
"REGION1","SECK00X00",1,2028,16.6697604
"REGION1","SECK00X00",1,2029,16.6781772
"REGION1","SECK00X00",1,2030,16.686594
"REGION1","SEOI00I00",1,2015,2.1351492
"REGION1","SEOI00I00",1,2016,2.1366612
"REGION1","SEOI00I00",1,2017,2.1381732
"REGION1","SEOI00I00",1,2018,2.1396852
"REGION1","SEOI00I00",1,2019,2.1411972
"REGION1","SEOI00I00",1,2020,2.1427092
"REGION1","SEOI00I00",1,2021,2.1442212
"REGION1","SEOI00I00",1,2022,2.1457332
"REGION1","SEOI00I00",1,2023,2.1472452
"REGION1","SEOI00I00",1,2024,2.1487572
"REGION1","SEOI00I00",1,2025,1.1199492
"REGION1","SEOI00I00",1,2026,1.1214612
"REGION1","SEOI00I00",1,2027,1.1229732
"REGION1","SEOI00I00",1,2028,1.1244852
"REGION1","SEOI00I00",1,2029,1.1259972
"REGION1","SEOI00I00",1,2030,1.1275092
"REGION1","SEceCO001",1,2015,2.37
"REGION1","SEceCO001",1,2016,2.384
"REGION1","SEceCO001",1,2017,2.398
"REGION1","SEceCO001",1,2018,2.412
"REGION1","SEceCO001",1,2019,2.426
"REGION1","SEceCO001",1,2020,2.44
"REGION1","SEceCO001",1,2021,2.454
"REGION1","SEceCO001",1,2022,2.468
"REGION1","SEceCO001",1,2023,2.482
"REGION1","SEceCO001",1,2024,2.496
"REGION1","SEceCO001",1,2025,2.51
"REGION1","SEceCO001",1,2026,2.524
"REGION1","SEceCO001",1,2027,2.538
"REGION1","SEceCO001",1,2028,2.552
"REGION1","SEceCO001",1,2029,2.566
"REGION1","SEceCO001",1,2030,2.58
"REGION1","SEcePL003",1,2031,2.594
"REGION1","SEcePL003",1,2032,2.608
"REGION1","SEcePL003",1,2033,2.62200000000001
"REGION1","SEcePL003",1,2034,2.63600000000001
"REGION1","SEcePL003",1,2035,2.65
"REGION1","SEcePL003",1,2036,2.66400000000001
"REGION1","SEcePL003",1,2037,2.67800000000001
"REGION1","SEcePL003",1,2038,2.692
"REGION1","SEcePL003",1,2039,2.706
"REGION1","SEcePL003",1,2040,2.72
"REGION1","SEcePL003",1,2041,2.73399999999998
"REGION1","SEcePL003",1,2042,2.748
"REGION1","SEcePL003",1,2043,2.762
"REGION1","SEcePL003",1,2044,2.776
"REGION1","SEcePL003",1,2045,2.79
"REGION1","SEcePL003",1,2046,2.804
"REGION1","SEcePL003",1,2047,2.81800000000001
"REGION1","SEcePL003",1,2048,2.832
"REGION1","SEcePL003",1,2049,2.846
"REGION1","SEcePL003",1,2050,2.86000000000001
"REGION1","SEcePL003",1,2051,2.87400000000001
"REGION1","SEcePL003",1,2052,2.88799999999999
"REGION1","SEcePL003",1,2053,2.902
"REGION1","SEcePL003",1,2054,2.916
"REGION1","SEcePL003",1,2055,2.93
"REGION1","SEcePL003",1,2056,2.944
"REGION1","SEcePL003",1,2057,2.958
"REGION1","SEcePL003",1,2058,2.972
"REGION1","SEcePL003",1,2059,2.98599999999998
"REGION1","SEcePL003",1,2060,3
"REGION1","SEppCO001",1,2015,7934.91
"REGION1","SEppCO001",1,2016,8147.53
"REGION1","SEppCO001",1,2017,8365.84
"REGION1","SEppCO001",1,2018,8590
"REGION1","SEppCO001",1,2019,8886
"REGION1","SEppCO001",1,2020,9056
"REGION1","SEppCO001",1,2021,9155.62
"REGION1","SEppCO001",1,2022,9256.33
"REGION1","SEppCO001",1,2023,9358.15
"REGION1","SEppCO001",1,2024,9461.09
"REGION1","SEppCO001",1,2025,9565.16
"REGION1","SEppCO001",1,2026,9670.38
"REGION1","SEppCO001",1,2027,9776.75
"REGION1","SEppCO001",1,2028,9884.29
"REGION1","SEppCO001",1,2029,9993.02
"REGION1","SEppCO001",1,2030,10102.9
"REGION1","SEppCO001",1,2031,10214.1
"REGION1","SEppCO001",1,2032,10326.4
"REGION1","SEppCO001",1,2033,10440
"REGION1","SEppCO001",1,2034,10554.9
"REGION1","SEppCO001",1,2035,10671
"REGION1","SEppCO001",1,2036,10788.4
"REGION1","SEppCO001",1,2037,10907
"REGION1","SEppCO001",1,2038,11027
"REGION1","SEppCO001",1,2039,11148.3
"REGION1","SEppCO001",1,2040,11270.9
"REGION1","SEppCO001",1,2041,11394.9
"REGION1","SEppCO001",1,2042,11520.2
"REGION1","SEppCO001",1,2043,11647
"REGION1","SEppCO001",1,2044,11775.1
"REGION1","SEppCO001",1,2045,11904.6
"REGION1","SEppCO001",1,2046,12035.6
"REGION1","SEppCO001",1,2047,12168
"REGION1","SEppCO001",1,2048,12301.8
"REGION1","SEppCO001",1,2049,12437.1
"REGION1","SEppCO001",1,2050,12573.9
"REGION1","SEppCO001",1,2051,12712.2
"REGION1","SEppCO001",1,2052,12852.1
"REGION1","SEppCO001",1,2053,12993.5
"REGION1","SEppCO001",1,2054,13136.4
"REGION1","SEppCO001",1,2055,13280.9
"REGION1","SEppCO001",1,2056,13427
"REGION1","SEppCO001",1,2057,13574.7
"REGION1","SEppCO001",1,2058,13724
"REGION1","SEppCO001",1,2059,13875
"REGION1","SEppCO001",1,2060,14027.6
"REGION1","SEBA00X00",1,2015,97.599393
"REGION1","SEBA00X00",1,2016,100.214619
"REGION1","SEBA00X00",1,2017,102.899832
"REGION1","SEBA00X00",1,2018,105.657
"REGION1","SEBA00X00",1,2019,109.2978
"REGION1","SEBA00X00",1,2020,111.3888
"REGION1","SEBA00X00",1,2021,112.614126
"REGION1","SEBA00X00",1,2022,113.852859
"REGION1","SEBA00X00",1,2023,120.026324296142
"REGION1","SEBA00X00",1,2024,116.371407
"REGION1","SEBA00X00",1,2025,117.651468
"REGION1","SEBA00X00",1,2026,118.945674
"REGION1","SEBA00X00",1,2027,120.254025
"REGION1","SEBA00X00",1,2028,121.576767
"REGION1","SEBA00X00",1,2029,122.914146
"REGION1","SEBA00X00",1,2030,124.26567
"REGION1","SEBA00X00",1,2031,125.63343
"REGION1","SEBA00X00",1,2032,127.01472
"REGION1","SEBA00X00",1,2033,128.412
"REGION1","SEBA00X00",1,2034,129.82527
"REGION1","SEBA00X00",1,2035,131.2533
"REGION1","SEBA00X00",1,2036,132.69732
"REGION1","SEBA00X00",1,2037,134.1561
"REGION1","SEBA00X00",1,2038,135.6321
"REGION1","SEBA00X00",1,2039,137.12409
"REGION1","SEBA00X00",1,2040,138.63207
"REGION1","SEBA00X00",1,2041,140.15727
"REGION1","SEBA00X00",1,2042,141.69846
"REGION1","SEBA00X00",1,2043,143.2581
"REGION1","SEBA00X00",1,2044,144.83373
"REGION1","SEBA00X00",1,2045,146.42658
"REGION1","SEBA00X00",1,2046,148.03788
"REGION1","SEBA00X00",1,2047,149.6664
"REGION1","SEBA00X00",1,2048,151.31214
"REGION1","SEBA00X00",1,2049,152.97633
"REGION1","SEBA00X00",1,2050,154.65897
"REGION1","SEBA00X00",1,2051,156.36006
"REGION1","SEBA00X00",1,2052,158.08083
"REGION1","SEBA00X00",1,2053,159.82005
"REGION1","SEBA00X00",1,2054,161.57772
"REGION1","SEBA00X00",1,2055,163.35507
"REGION1","SEBA00X00",1,2056,165.1521
"REGION1","SEBA00X00",1,2057,166.96881
"REGION1","SEBA00X00",1,2058,168.8052
"REGION1","SEBA00X00",1,2059,170.6625
"REGION1","SEBA00X00",1,2060,172.53948
"REGION1","SEBL00X00",1,2015,307.874508
"REGION1","SEBL00X00",1,2016,316.124164
"REGION1","SEBL00X00",1,2017,324.594592
"REGION1","SEBL00X00",1,2018,333.292
"REGION1","SEBL00X00",1,2019,344.7768
"REGION1","SEBL00X00",1,2020,351.3728
"REGION1","SEBL00X00",1,2021,370.425501564129
"REGION1","SEBL00X00",1,2022,374.500108446298
"REGION1","SEBL00X00",1,2023,378.619624608968
"REGION1","SEBL00X00",1,2024,367.090292
"REGION1","SEBL00X00",1,2025,386.995003128259
"REGION1","SEBL00X00",1,2026,391.209338836371
"REGION1","SEBL00X00",1,2027,395.48505762732
"REGION1","SEBL00X00",1,2028,399.906623566215
"REGION1","SEBL00X00",1,2029,402.520268916616
"REGION1","SEBL00X00",1,2030,406.033847724256
"REGION1","SEBL00X00",1,2031,413.250344108446
"REGION1","SEBL00X00",1,2032,400.66432
"REGION1","SEBL00X00",1,2033,422.389989572471
"REGION1","SEBL00X00",1,2034,427.038706986444
"REGION1","SEBL00X00",1,2035,431.735974973931
"REGION1","SEBL00X00",1,2036,436.485839416058
"REGION1","SEBL00X00",1,2037,441.230556096213
"REGION1","SEBL00X00",1,2038,445.986741658778
"REGION1","SEBL00X00",1,2039,451.046965589155
"REGION1","SEBL00X00",1,2040,455.690608809185
"REGION1","SEBL00X00",1,2041,461.024108446298
"REGION1","SEBL00X00",1,2042,465.907353278261
"REGION1","SEBL00X00",1,2043,470.831603527038
"REGION1","SEBL00X00",1,2044,476.321102984773
"REGION1","SEBL00X00",1,2045,481.640882731523
"REGION1","SEBL00X00",1,2046,486.854676914326
"REGION1","SEBL00X00",1,2047,472.1184
"REGION1","SEBL00X00",1,2048,497.716204379562
"REGION1","SEBL00X00",1,2049,503.190281543275
"REGION1","SEBL00X00",1,2050,487.86732
"REGION1","SEBL00X00",1,2051,514.320500521376
"REGION1","SEBL00X00",1,2052,519.980688216893
"REGION1","SEBL00X00",1,2053,525.701564129301
"REGION1","SEBL00X00",1,2054,529.827228778991
"REGION1","SEBL00X00",1,2055,536.260112993028
"REGION1","SEBL00X00",1,2056,520.9676
"REGION1","SEBL00X00",1,2057,543.850358389691
"REGION1","SEBL00X00",1,2058,550.078376638486
"REGION1","SEBL00X00",1,2059,556.229302663335
"REGION1","SEBL00X00",1,2060,544.27088
